{"cameraMode":{"drawMode":0,"name":"Shaded","section":"Shading Mode"},"sceneLighting":false,"audioPlay":false,"sceneViewState":{"showFog":true,"showMaterialUpdate":true,"showSkybox":true,"showFlares":true,"showImageEffects":true,"showParticleSystems":true},"in2DMode":false,"pivot":{"x":-0.13933229446411134,"y":0.33416175842285159,"z":-0.23952603340148927},"rotation":{"x":-0.20762842893600465,"y":-0.7106507420539856,"z":0.2341703623533249,"w":-0.6301034092903137},"size":22.0,"orthographic":false}