{"cameraMode":{"drawMode":0,"name":"Shaded","section":"Shading Mode"},"sceneLighting":false,"audioPlay":false,"sceneViewState":{"showFog":true,"showMaterialUpdate":true,"showSkybox":true,"showFlares":true,"showImageEffects":true,"showParticleSystems":true},"in2DMode":false,"pivot":{"x":-0.13933229446411134,"y":0.33416175842285159,"z":-0.23952603340148927},"rotation":{"x":-0.07405722886323929,"y":-0.9071036577224731,"z":0.3731982707977295,"w":-0.18000441789627076},"size":7.074468612670898,"orthographic":false}